status,filepath,size_bytes,n_trees,tree_names
OK,/exp/uboone/data/users/jburridg/Nuance/NUANCE/NUANCE_event_files/output/root/PoT_Nuance_event_files/15th_test_run/events_4430.root,41942,4,h100;h3;h1;h50
OK,/exp/uboone/data/users/jburridg/Nuance/NUANCE/NUANCE_event_files/output/root/PoT_Nuance_event_files/15th_test_run/events_4348.root,44908,4,h100;h3;h1;h50
OK,/exp/uboone/data/users/jburridg/Nuance/NUANCE/NUANCE_event_files/output/root/PoT_Nuance_event_files/15th_test_run/events_4657.root,44709,4,h100;h3;h1;h50
OK,/exp/uboone/data/users/jburridg/Nuance/NUANCE/NUANCE_event_files/output/root/PoT_Nuance_event_files/15th_test_run/events_4331.root,41992,4,h100;h3;h1;h50
OK,/exp/uboone/data/users/jburridg/Nuance/NUANCE/NUANCE_event_files/output/root/PoT_Nuance_event_files/15th_test_run/events_4257.root,42339,4,h100;h3;h1;h50
OK,/exp/uboone/data/users/jburridg/Nuance/NUANCE/NUANCE_event_files/output/root/PoT_Nuance_event_files/15th_test_run/events_4206.root,43949,4,h100;h3;h1;h50
OK,/exp/uboone/data/users/jburridg/Nuance/NUANCE/NUANCE_event_files/output/root/PoT_Nuance_event_files/15th_test_run/events_4082.root,42233,4,h100;h3;h1;h50
OK,/exp/uboone/data/users/jburridg/Nuance/NUANCE/NUANCE_event_files/output/root/PoT_Nuance_event_files/15th_test_run/events_4170.root,44760,4,h100;h3;h1;h50
OK,/exp/uboone/data/users/jburridg/Nuance/NUANCE/NUANCE_event_files/output/root/PoT_Nuance_event_files/15th_test_run/events_4510.root,42562,4,h100;h3;h1;h50
OK,/exp/uboone/data/users/jburridg/Nuance/NUANCE/NUANCE_event_files/output/root/PoT_Nuance_event_files/15th_test_run/events_4247.root,44464,4,h100;h3;h1;h50
OK,/exp/uboone/data/users/jburridg/Nuance/NUANCE/NUANCE_event_files/output/root/PoT_Nuance_event_files/15th_test_run/events_4219.root,42683,4,h100;h3;h1;h50
OK,/exp/uboone/data/users/jburridg/Nuance/NUANCE/NUANCE_event_files/output/root/PoT_Nuance_event_files/15th_test_run/events_4452.root,43505,4,h100;h3;h1;h50
OK,/exp/uboone/data/users/jburridg/Nuance/NUANCE/NUANCE_event_files/output/root/PoT_Nuance_event_files/15th_test_run/events_4490.root,43717,4,h100;h3;h1;h50
OK,/exp/uboone/data/users/jburridg/Nuance/NUANCE/NUANCE_event_files/output/root/PoT_Nuance_event_files/15th_test_run/events_4320.root,44513,4,h100;h3;h1;h50
OK,/exp/uboone/data/users/jburridg/Nuance/NUANCE/NUANCE_event_files/output/root/PoT_Nuance_event_files/15th_test_run/events_4104.root,42281,4,h100;h3;h1;h50
OK,/exp/uboone/data/users/jburridg/Nuance/NUANCE/NUANCE_event_files/output/root/PoT_Nuance_event_files/15th_test_run/events_4405.root,41157,4,h100;h3;h1;h50
OK,/exp/uboone/data/users/jburridg/Nuance/NUANCE/NUANCE_event_files/output/root/PoT_Nuance_event_files/15th_test_run/events_4664.root,43590,4,h100;h3;h1;h50
OK,/exp/uboone/data/users/jburridg/Nuance/NUANCE/NUANCE_event_files/output/root/PoT_Nuance_event_files/15th_test_run/events_4267.root,42483,4,h100;h3;h1;h50
OK,/exp/uboone/data/users/jburridg/Nuance/NUANCE/NUANCE_event_files/output/root/PoT_Nuance_event_files/15th_test_run/events_4531.root,42333,4,h100;h3;h1;h50
OK,/exp/uboone/data/users/jburridg/Nuance/NUANCE/NUANCE_event_files/output/root/PoT_Nuance_event_files/15th_test_run/events_4094.root,41567,4,h100;h3;h1;h50
OK,/exp/uboone/data/users/jburridg/Nuance/NUANCE/NUANCE_event_files/output/root/PoT_Nuance_event_files/15th_test_run/events_4669.root,43634,4,h100;h3;h1;h50
OK,/exp/uboone/data/users/jburridg/Nuance/NUANCE/NUANCE_event_files/output/root/PoT_Nuance_event_files/15th_test_run/events_4242.root,42667,4,h100;h3;h1;h50
OK,/exp/uboone/data/users/jburridg/Nuance/NUANCE/NUANCE_event_files/output/root/PoT_Nuance_event_files/15th_test_run/events_4613.root,42624,4,h100;h3;h1;h50
OK,/exp/uboone/data/users/jburridg/Nuance/NUANCE/NUANCE_event_files/output/root/PoT_Nuance_event_files/15th_test_run/events_4342.root,45139,4,h100;h3;h1;h50
OK,/exp/uboone/data/users/jburridg/Nuance/NUANCE/NUANCE_event_files/output/root/PoT_Nuance_event_files/15th_test_run/events_4047.root,42987,4,h100;h3;h1;h50
OK,/exp/uboone/data/users/jburridg/Nuance/NUANCE/NUANCE_event_files/output/root/PoT_Nuance_event_files/15th_test_run/events_4536.root,44086,4,h100;h3;h1;h50
OK,/exp/uboone/data/users/jburridg/Nuance/NUANCE/NUANCE_event_files/output/root/PoT_Nuance_event_files/15th_test_run/events_4154.root,42421,4,h100;h3;h1;h50
OK,/exp/uboone/data/users/jburridg/Nuance/NUANCE/NUANCE_event_files/output/root/PoT_Nuance_event_files/15th_test_run/events_4021.root,45454,4,h100;h3;h1;h50
OK,/exp/uboone/data/users/jburridg/Nuance/NUANCE/NUANCE_event_files/output/root/PoT_Nuance_event_files/15th_test_run/events_4539.root,42833,4,h100;h3;h1;h50
OK,/exp/uboone/data/users/jburridg/Nuance/NUANCE/NUANCE_event_files/output/root/PoT_Nuance_event_files/15th_test_run/events_4629.root,43798,4,h100;h3;h1;h50
OK,/exp/uboone/data/users/jburridg/Nuance/NUANCE/NUANCE_event_files/output/root/PoT_Nuance_event_files/15th_test_run/events_4656.root,45960,4,h100;h3;h1;h50
OK,/exp/uboone/data/users/jburridg/Nuance/NUANCE/NUANCE_event_files/output/root/PoT_Nuance_event_files/15th_test_run/events_4073.root,44017,4,h100;h3;h1;h50
OK,/exp/uboone/data/users/jburridg/Nuance/NUANCE/NUANCE_event_files/output/root/PoT_Nuance_event_files/15th_test_run/events_4622.root,41770,4,h100;h3;h1;h50
OK,/exp/uboone/data/users/jburridg/Nuance/NUANCE/NUANCE_event_files/output/root/PoT_Nuance_event_files/15th_test_run/events_4045.root,44550,4,h100;h3;h1;h50
OK,/exp/uboone/data/users/jburridg/Nuance/NUANCE/NUANCE_event_files/output/root/PoT_Nuance_event_files/15th_test_run/events_4076.root,42196,4,h100;h3;h1;h50
OK,/exp/uboone/data/users/jburridg/Nuance/NUANCE/NUANCE_event_files/output/root/PoT_Nuance_event_files/15th_test_run/events_4605.root,43223,4,h100;h3;h1;h50
OK,/exp/uboone/data/users/jburridg/Nuance/NUANCE/NUANCE_event_files/output/root/PoT_Nuance_event_files/15th_test_run/events_4139.root,44683,4,h100;h3;h1;h50
OK,/exp/uboone/data/users/jburridg/Nuance/NUANCE/NUANCE_event_files/output/root/PoT_Nuance_event_files/15th_test_run/events_4134.root,42172,4,h100;h3;h1;h50
OK,/exp/uboone/data/users/jburridg/Nuance/NUANCE/NUANCE_event_files/output/root/PoT_Nuance_event_files/15th_test_run/events_4350.root,45540,4,h100;h3;h1;h50
OK,/exp/uboone/data/users/jburridg/Nuance/NUANCE/NUANCE_event_files/output/root/PoT_Nuance_event_files/15th_test_run/events_4460.root,41293,4,h100;h3;h1;h50
OK,/exp/uboone/data/users/jburridg/Nuance/NUANCE/NUANCE_event_files/output/root/PoT_Nuance_event_files/15th_test_run/events_4105.root,43553,4,h100;h3;h1;h50
OK,/exp/uboone/data/users/jburridg/Nuance/NUANCE/NUANCE_event_files/output/root/PoT_Nuance_event_files/15th_test_run/events_4091.root,42410,4,h100;h3;h1;h50
OK,/exp/uboone/data/users/jburridg/Nuance/NUANCE/NUANCE_event_files/output/root/PoT_Nuance_event_files/15th_test_run/events_4473.root,42720,4,h100;h3;h1;h50
OK,/exp/uboone/data/users/jburridg/Nuance/NUANCE/NUANCE_event_files/output/root/PoT_Nuance_event_files/15th_test_run/events_4645.root,41634,4,h100;h3;h1;h50
OK,/exp/uboone/data/users/jburridg/Nuance/NUANCE/NUANCE_event_files/output/root/PoT_Nuance_event_files/15th_test_run/events_4419.root,43275,4,h100;h3;h1;h50
OK,/exp/uboone/data/users/jburridg/Nuance/NUANCE/NUANCE_event_files/output/root/PoT_Nuance_event_files/15th_test_run/events_4442.root,45009,4,h100;h3;h1;h50
OK,/exp/uboone/data/users/jburridg/Nuance/NUANCE/NUANCE_event_files/output/root/PoT_Nuance_event_files/15th_test_run/events_4431.root,44135,4,h100;h3;h1;h50
OK,/exp/uboone/data/users/jburridg/Nuance/NUANCE/NUANCE_event_files/output/root/PoT_Nuance_event_files/15th_test_run/events_4609.root,42197,4,h100;h3;h1;h50
OK,/exp/uboone/data/users/jburridg/Nuance/NUANCE/NUANCE_event_files/output/root/PoT_Nuance_event_files/15th_test_run/events_4398.root,42707,4,h100;h3;h1;h50
OK,/exp/uboone/data/users/jburridg/Nuance/NUANCE/NUANCE_event_files/output/root/PoT_Nuance_event_files/15th_test_run/events_4178.root,42913,4,h100;h3;h1;h50
OK,/exp/uboone/data/users/jburridg/Nuance/NUANCE/NUANCE_event_files/output/root/PoT_Nuance_event_files/15th_test_run/events_4515.root,43878,4,h100;h3;h1;h50
OK,/exp/uboone/data/users/jburridg/Nuance/NUANCE/NUANCE_event_files/output/root/PoT_Nuance_event_files/15th_test_run/events_4078.root,43464,4,h100;h3;h1;h50
OK,/exp/uboone/data/users/jburridg/Nuance/NUANCE/NUANCE_event_files/output/root/PoT_Nuance_event_files/15th_test_run/events_4084.root,46049,4,h100;h3;h1;h50
OK,/exp/uboone/data/users/jburridg/Nuance/NUANCE/NUANCE_event_files/output/root/PoT_Nuance_event_files/15th_test_run/events_4011.root,44578,4,h100;h3;h1;h50
OK,/exp/uboone/data/users/jburridg/Nuance/NUANCE/NUANCE_event_files/output/root/PoT_Nuance_event_files/15th_test_run/events_4136.root,40662,4,h100;h3;h1;h50
OK,/exp/uboone/data/users/jburridg/Nuance/NUANCE/NUANCE_event_files/output/root/PoT_Nuance_event_files/15th_test_run/events_4025.root,40815,4,h100;h3;h1;h50
OK,/exp/uboone/data/users/jburridg/Nuance/NUANCE/NUANCE_event_files/output/root/PoT_Nuance_event_files/15th_test_run/events_4466.root,42401,4,h100;h3;h1;h50
OK,/exp/uboone/data/users/jburridg/Nuance/NUANCE/NUANCE_event_files/output/root/PoT_Nuance_event_files/15th_test_run/events_4269.root,43723,4,h100;h3;h1;h50
OK,/exp/uboone/data/users/jburridg/Nuance/NUANCE/NUANCE_event_files/output/root/PoT_Nuance_event_files/15th_test_run/events_4155.root,41884,4,h100;h3;h1;h50
OK,/exp/uboone/data/users/jburridg/Nuance/NUANCE/NUANCE_event_files/output/root/PoT_Nuance_event_files/15th_test_run/events_4156.root,44491,4,h100;h3;h1;h50
OK,/exp/uboone/data/users/jburridg/Nuance/NUANCE/NUANCE_event_files/output/root/PoT_Nuance_event_files/15th_test_run/events_4192.root,44065,4,h100;h3;h1;h50
OK,/exp/uboone/data/users/jburridg/Nuance/NUANCE/NUANCE_event_files/output/root/PoT_Nuance_event_files/15th_test_run/events_4330.root,44796,4,h100;h3;h1;h50
OK,/exp/uboone/data/users/jburridg/Nuance/NUANCE/NUANCE_event_files/output/root/PoT_Nuance_event_files/15th_test_run/events_4061.root,44156,4,h100;h3;h1;h50
OK,/exp/uboone/data/users/jburridg/Nuance/NUANCE/NUANCE_event_files/output/root/PoT_Nuance_event_files/15th_test_run/events_4026.root,42963,4,h100;h3;h1;h50
OK,/exp/uboone/data/users/jburridg/Nuance/NUANCE/NUANCE_event_files/output/root/PoT_Nuance_event_files/15th_test_run/events_4258.root,44103,4,h100;h3;h1;h50
OK,/exp/uboone/data/users/jburridg/Nuance/NUANCE/NUANCE_event_files/output/root/PoT_Nuance_event_files/15th_test_run/events_4370.root,43225,4,h100;h3;h1;h50
OK,/exp/uboone/data/users/jburridg/Nuance/NUANCE/NUANCE_event_files/output/root/PoT_Nuance_event_files/15th_test_run/events_4053.root,45782,4,h100;h3;h1;h50
OK,/exp/uboone/data/users/jburridg/Nuance/NUANCE/NUANCE_event_files/output/root/PoT_Nuance_event_files/15th_test_run/events_4422.root,43222,4,h100;h3;h1;h50
OK,/exp/uboone/data/users/jburridg/Nuance/NUANCE/NUANCE_event_files/output/root/PoT_Nuance_event_files/15th_test_run/events_4223.root,41913,4,h100;h3;h1;h50
OK,/exp/uboone/data/users/jburridg/Nuance/NUANCE/NUANCE_event_files/output/root/PoT_Nuance_event_files/15th_test_run/events_4062.root,45530,4,h100;h3;h1;h50
OK,/exp/uboone/data/users/jburridg/Nuance/NUANCE/NUANCE_event_files/output/root/PoT_Nuance_event_files/15th_test_run/events_4450.root,42531,4,h100;h3;h1;h50
OK,/exp/uboone/data/users/jburridg/Nuance/NUANCE/NUANCE_event_files/output/root/PoT_Nuance_event_files/15th_test_run/events_4060.root,41958,4,h100;h3;h1;h50
OK,/exp/uboone/data/users/jburridg/Nuance/NUANCE/NUANCE_event_files/output/root/PoT_Nuance_event_files/15th_test_run/events_4066.root,43387,4,h100;h3;h1;h50
OK,/exp/uboone/data/users/jburridg/Nuance/NUANCE/NUANCE_event_files/output/root/PoT_Nuance_event_files/15th_test_run/events_4072.root,45507,4,h100;h3;h1;h50
OK,/exp/uboone/data/users/jburridg/Nuance/NUANCE/NUANCE_event_files/output/root/PoT_Nuance_event_files/15th_test_run/events_4369.root,43239,4,h100;h3;h1;h50
OK,/exp/uboone/data/users/jburridg/Nuance/NUANCE/NUANCE_event_files/output/root/PoT_Nuance_event_files/15th_test_run/events_4642.root,42068,4,h100;h3;h1;h50
OK,/exp/uboone/data/users/jburridg/Nuance/NUANCE/NUANCE_event_files/output/root/PoT_Nuance_event_files/15th_test_run/events_4658.root,43015,4,h100;h3;h1;h50
OK,/exp/uboone/data/users/jburridg/Nuance/NUANCE/NUANCE_event_files/output/root/PoT_Nuance_event_files/15th_test_run/events_4673.root,40622,4,h100;h3;h1;h50
OK,/exp/uboone/data/users/jburridg/Nuance/NUANCE/NUANCE_event_files/output/root/PoT_Nuance_event_files/15th_test_run/events_4295.root,44811,4,h100;h3;h1;h50
OK,/exp/uboone/data/users/jburridg/Nuance/NUANCE/NUANCE_event_files/output/root/PoT_Nuance_event_files/15th_test_run/events_4093.root,41513,4,h100;h3;h1;h50
OK,/exp/uboone/data/users/jburridg/Nuance/NUANCE/NUANCE_event_files/output/root/PoT_Nuance_event_files/15th_test_run/events_4270.root,42577,4,h100;h3;h1;h50
OK,/exp/uboone/data/users/jburridg/Nuance/NUANCE/NUANCE_event_files/output/root/PoT_Nuance_event_files/15th_test_run/events_4501.root,42704,4,h100;h3;h1;h50
OK,/exp/uboone/data/users/jburridg/Nuance/NUANCE/NUANCE_event_files/output/root/PoT_Nuance_event_files/15th_test_run/events_4404.root,42231,4,h100;h3;h1;h50
OK,/exp/uboone/data/users/jburridg/Nuance/NUANCE/NUANCE_event_files/output/root/PoT_Nuance_event_files/15th_test_run/events_4357.root,43556,4,h100;h3;h1;h50
OK,/exp/uboone/data/users/jburridg/Nuance/NUANCE/NUANCE_event_files/output/root/PoT_Nuance_event_files/15th_test_run/events_4310.root,42958,4,h100;h3;h1;h50
OK,/exp/uboone/data/users/jburridg/Nuance/NUANCE/NUANCE_event_files/output/root/PoT_Nuance_event_files/15th_test_run/events_4118.root,41942,4,h100;h3;h1;h50
OK,/exp/uboone/data/users/jburridg/Nuance/NUANCE/NUANCE_event_files/output/root/PoT_Nuance_event_files/15th_test_run/events_4610.root,41871,4,h100;h3;h1;h50
OK,/exp/uboone/data/users/jburridg/Nuance/NUANCE/NUANCE_event_files/output/root/PoT_Nuance_event_files/15th_test_run/events_4184.root,42287,4,h100;h3;h1;h50
OK,/exp/uboone/data/users/jburridg/Nuance/NUANCE/NUANCE_event_files/output/root/PoT_Nuance_event_files/15th_test_run/events_4306.root,43891,4,h100;h3;h1;h50
OK,/exp/uboone/data/users/jburridg/Nuance/NUANCE/NUANCE_event_files/output/root/PoT_Nuance_event_files/15th_test_run/events_4373.root,43811,4,h100;h3;h1;h50
OK,/exp/uboone/data/users/jburridg/Nuance/NUANCE/NUANCE_event_files/output/root/PoT_Nuance_event_files/15th_test_run/events_4034.root,41544,4,h100;h3;h1;h50
OK,/exp/uboone/data/users/jburridg/Nuance/NUANCE/NUANCE_event_files/output/root/PoT_Nuance_event_files/15th_test_run/events_4059.root,43499,4,h100;h3;h1;h50
OK,/exp/uboone/data/users/jburridg/Nuance/NUANCE/NUANCE_event_files/output/root/PoT_Nuance_event_files/15th_test_run/events_4017.root,42191,4,h100;h3;h1;h50
OK,/exp/uboone/data/users/jburridg/Nuance/NUANCE/NUANCE_event_files/output/root/PoT_Nuance_event_files/15th_test_run/events_4317.root,41352,4,h100;h3;h1;h50
OK,/exp/uboone/data/users/jburridg/Nuance/NUANCE/NUANCE_event_files/output/root/PoT_Nuance_event_files/15th_test_run/events_4244.root,40544,4,h100;h3;h1;h50
OK,/exp/uboone/data/users/jburridg/Nuance/NUANCE/NUANCE_event_files/output/root/PoT_Nuance_event_files/15th_test_run/events_4228.root,42489,4,h100;h3;h1;h50
OK,/exp/uboone/data/users/jburridg/Nuance/NUANCE/NUANCE_event_files/output/root/PoT_Nuance_event_files/15th_test_run/events_4358.root,43440,4,h100;h3;h1;h50
OK,/exp/uboone/data/users/jburridg/Nuance/NUANCE/NUANCE_event_files/output/root/PoT_Nuance_event_files/15th_test_run/events_4323.root,42359,4,h100;h3;h1;h50
OK,/exp/uboone/data/users/jburridg/Nuance/NUANCE/NUANCE_event_files/output/root/PoT_Nuance_event_files/15th_test_run/events_4048.root,41789,4,h100;h3;h1;h50
OK,/exp/uboone/data/users/jburridg/Nuance/NUANCE/NUANCE_event_files/output/root/PoT_Nuance_event_files/15th_test_run/events_4153.root,43414,4,h100;h3;h1;h50
OK,/exp/uboone/data/users/jburridg/Nuance/NUANCE/NUANCE_event_files/output/root/PoT_Nuance_event_files/15th_test_run/events_4487.root,42499,4,h100;h3;h1;h50
OK,/exp/uboone/data/users/jburridg/Nuance/NUANCE/NUANCE_event_files/output/root/PoT_Nuance_event_files/15th_test_run/events_4427.root,43469,4,h100;h3;h1;h50
OK,/exp/uboone/data/users/jburridg/Nuance/NUANCE/NUANCE_event_files/output/root/PoT_Nuance_event_files/15th_test_run/events_4424.root,42361,4,h100;h3;h1;h50
OK,/exp/uboone/data/users/jburridg/Nuance/NUANCE/NUANCE_event_files/output/root/PoT_Nuance_event_files/15th_test_run/events_4505.root,41500,4,h100;h3;h1;h50
OK,/exp/uboone/data/users/jburridg/Nuance/NUANCE/NUANCE_event_files/output/root/PoT_Nuance_event_files/15th_test_run/events_4195.root,42464,4,h100;h3;h1;h50
OK,/exp/uboone/data/users/jburridg/Nuance/NUANCE/NUANCE_event_files/output/root/PoT_Nuance_event_files/15th_test_run/events_4058.root,43481,4,h100;h3;h1;h50
OK,/exp/uboone/data/users/jburridg/Nuance/NUANCE/NUANCE_event_files/output/root/PoT_Nuance_event_files/15th_test_run/events_4334.root,42731,4,h100;h3;h1;h50
OK,/exp/uboone/data/users/jburridg/Nuance/NUANCE/NUANCE_event_files/output/root/PoT_Nuance_event_files/15th_test_run/events_4204.root,41907,4,h100;h3;h1;h50
OK,/exp/uboone/data/users/jburridg/Nuance/NUANCE/NUANCE_event_files/output/root/PoT_Nuance_event_files/15th_test_run/events_4484.root,42411,4,h100;h3;h1;h50
OK,/exp/uboone/data/users/jburridg/Nuance/NUANCE/NUANCE_event_files/output/root/PoT_Nuance_event_files/15th_test_run/events_4022.root,43507,4,h100;h3;h1;h50
OK,/exp/uboone/data/users/jburridg/Nuance/NUANCE/NUANCE_event_files/output/root/PoT_Nuance_event_files/15th_test_run/events_4208.root,41836,4,h100;h3;h1;h50
OK,/exp/uboone/data/users/jburridg/Nuance/NUANCE/NUANCE_event_files/output/root/PoT_Nuance_event_files/15th_test_run/events_4289.root,41014,4,h100;h3;h1;h50
OK,/exp/uboone/data/users/jburridg/Nuance/NUANCE/NUANCE_event_files/output/root/PoT_Nuance_event_files/15th_test_run/events_4529.root,41739,4,h100;h3;h1;h50
OK,/exp/uboone/data/users/jburridg/Nuance/NUANCE/NUANCE_event_files/output/root/PoT_Nuance_event_files/15th_test_run/events_4110.root,41623,4,h100;h3;h1;h50
OK,/exp/uboone/data/users/jburridg/Nuance/NUANCE/NUANCE_event_files/output/root/PoT_Nuance_event_files/15th_test_run/events_4614.root,42863,4,h100;h3;h1;h50
OK,/exp/uboone/data/users/jburridg/Nuance/NUANCE/NUANCE_event_files/output/root/PoT_Nuance_event_files/15th_test_run/events_4651.root,44282,4,h100;h3;h1;h50
OK,/exp/uboone/data/users/jburridg/Nuance/NUANCE/NUANCE_event_files/output/root/PoT_Nuance_event_files/15th_test_run/events_4602.root,40700,4,h100;h3;h1;h50
OK,/exp/uboone/data/users/jburridg/Nuance/NUANCE/NUANCE_event_files/output/root/PoT_Nuance_event_files/15th_test_run/events_4163.root,44981,4,h100;h3;h1;h50
OK,/exp/uboone/data/users/jburridg/Nuance/NUANCE/NUANCE_event_files/output/root/PoT_Nuance_event_files/15th_test_run/events_4434.root,44970,4,h100;h3;h1;h50
OK,/exp/uboone/data/users/jburridg/Nuance/NUANCE/NUANCE_event_files/output/root/PoT_Nuance_event_files/15th_test_run/events_4302.root,44751,4,h100;h3;h1;h50
OK,/exp/uboone/data/users/jburridg/Nuance/NUANCE/NUANCE_event_files/output/root/PoT_Nuance_event_files/15th_test_run/events_4364.root,44820,4,h100;h3;h1;h50
OK,/exp/uboone/data/users/jburridg/Nuance/NUANCE/NUANCE_event_files/output/root/PoT_Nuance_event_files/15th_test_run/events_4074.root,44547,4,h100;h3;h1;h50
OK,/exp/uboone/data/users/jburridg/Nuance/NUANCE/NUANCE_event_files/output/root/PoT_Nuance_event_files/15th_test_run/events_4492.root,41787,4,h100;h3;h1;h50
OK,/exp/uboone/data/users/jburridg/Nuance/NUANCE/NUANCE_event_files/output/root/PoT_Nuance_event_files/15th_test_run/events_4157.root,44405,4,h100;h3;h1;h50
OK,/exp/uboone/data/users/jburridg/Nuance/NUANCE/NUANCE_event_files/output/root/PoT_Nuance_event_files/15th_test_run/events_4067.root,44945,4,h100;h3;h1;h50
OK,/exp/uboone/data/users/jburridg/Nuance/NUANCE/NUANCE_event_files/output/root/PoT_Nuance_event_files/15th_test_run/events_4225.root,42114,4,h100;h3;h1;h50
OK,/exp/uboone/data/users/jburridg/Nuance/NUANCE/NUANCE_event_files/output/root/PoT_Nuance_event_files/15th_test_run/events_4590.root,44510,4,h100;h3;h1;h50
OK,/exp/uboone/data/users/jburridg/Nuance/NUANCE/NUANCE_event_files/output/root/PoT_Nuance_event_files/15th_test_run/events_4319.root,43798,4,h100;h3;h1;h50
OK,/exp/uboone/data/users/jburridg/Nuance/NUANCE/NUANCE_event_files/output/root/PoT_Nuance_event_files/15th_test_run/events_4410.root,43394,4,h100;h3;h1;h50
OK,/exp/uboone/data/users/jburridg/Nuance/NUANCE/NUANCE_event_files/output/root/PoT_Nuance_event_files/15th_test_run/events_4488.root,41390,4,h100;h3;h1;h50
OK,/exp/uboone/data/users/jburridg/Nuance/NUANCE/NUANCE_event_files/output/root/PoT_Nuance_event_files/15th_test_run/events_4485.root,43597,4,h100;h3;h1;h50
OK,/exp/uboone/data/users/jburridg/Nuance/NUANCE/NUANCE_event_files/output/root/PoT_Nuance_event_files/15th_test_run/events_4338.root,40523,4,h100;h3;h1;h50
OK,/exp/uboone/data/users/jburridg/Nuance/NUANCE/NUANCE_event_files/output/root/PoT_Nuance_event_files/15th_test_run/events_4636.root,45987,4,h100;h3;h1;h50
OK,/exp/uboone/data/users/jburridg/Nuance/NUANCE/NUANCE_event_files/output/root/PoT_Nuance_event_files/15th_test_run/events_4004.root,43534,4,h100;h3;h1;h50
OK,/exp/uboone/data/users/jburridg/Nuance/NUANCE/NUANCE_event_files/output/root/PoT_Nuance_event_files/15th_test_run/events_4030.root,41333,4,h100;h3;h1;h50
OK,/exp/uboone/data/users/jburridg/Nuance/NUANCE/NUANCE_event_files/output/root/PoT_Nuance_event_files/15th_test_run/events_4521.root,43298,4,h100;h3;h1;h50
OK,/exp/uboone/data/users/jburridg/Nuance/NUANCE/NUANCE_event_files/output/root/PoT_Nuance_event_files/15th_test_run/events_4215.root,41071,4,h100;h3;h1;h50
OK,/exp/uboone/data/users/jburridg/Nuance/NUANCE/NUANCE_event_files/output/root/PoT_Nuance_event_files/15th_test_run/events_4562.root,41470,4,h100;h3;h1;h50
OK,/exp/uboone/data/users/jburridg/Nuance/NUANCE/NUANCE_event_files/output/root/PoT_Nuance_event_files/15th_test_run/events_4209.root,42925,4,h100;h3;h1;h50
OK,/exp/uboone/data/users/jburridg/Nuance/NUANCE/NUANCE_event_files/output/root/PoT_Nuance_event_files/15th_test_run/events_4603.root,43823,4,h100;h3;h1;h50
OK,/exp/uboone/data/users/jburridg/Nuance/NUANCE/NUANCE_event_files/output/root/PoT_Nuance_event_files/15th_test_run/events_4557.root,43518,4,h100;h3;h1;h50
OK,/exp/uboone/data/users/jburridg/Nuance/NUANCE/NUANCE_event_files/output/root/PoT_Nuance_event_files/15th_test_run/events_4246.root,44568,4,h100;h3;h1;h50
OK,/exp/uboone/data/users/jburridg/Nuance/NUANCE/NUANCE_event_files/output/root/PoT_Nuance_event_files/15th_test_run/events_4584.root,44702,4,h100;h3;h1;h50
OK,/exp/uboone/data/users/jburridg/Nuance/NUANCE/NUANCE_event_files/output/root/PoT_Nuance_event_files/15th_test_run/events_4125.root,45222,4,h100;h3;h1;h50
OK,/exp/uboone/data/users/jburridg/Nuance/NUANCE/NUANCE_event_files/output/root/PoT_Nuance_event_files/15th_test_run/events_4252.root,42428,4,h100;h3;h1;h50
OK,/exp/uboone/data/users/jburridg/Nuance/NUANCE/NUANCE_event_files/output/root/PoT_Nuance_event_files/15th_test_run/events_4132.root,41864,4,h100;h3;h1;h50
OK,/exp/uboone/data/users/jburridg/Nuance/NUANCE/NUANCE_event_files/output/root/PoT_Nuance_event_files/15th_test_run/events_4010.root,45257,4,h100;h3;h1;h50
OK,/exp/uboone/data/users/jburridg/Nuance/NUANCE/NUANCE_event_files/output/root/PoT_Nuance_event_files/15th_test_run/events_4214.root,43118,4,h100;h3;h1;h50
OK,/exp/uboone/data/users/jburridg/Nuance/NUANCE/NUANCE_event_files/output/root/PoT_Nuance_event_files/15th_test_run/events_4533.root,45131,4,h100;h3;h1;h50
OK,/exp/uboone/data/users/jburridg/Nuance/NUANCE/NUANCE_event_files/output/root/PoT_Nuance_event_files/15th_test_run/events_4624.root,43510,4,h100;h3;h1;h50
OK,/exp/uboone/data/users/jburridg/Nuance/NUANCE/NUANCE_event_files/output/root/PoT_Nuance_event_files/15th_test_run/events_4038.root,43214,4,h100;h3;h1;h50
OK,/exp/uboone/data/users/jburridg/Nuance/NUANCE/NUANCE_event_files/output/root/PoT_Nuance_event_files/15th_test_run/events_4445.root,45618,4,h100;h3;h1;h50
OK,/exp/uboone/data/users/jburridg/Nuance/NUANCE/NUANCE_event_files/output/root/PoT_Nuance_event_files/15th_test_run/events_4627.root,41949,4,h100;h3;h1;h50
OK,/exp/uboone/data/users/jburridg/Nuance/NUANCE/NUANCE_event_files/output/root/PoT_Nuance_event_files/15th_test_run/events_4193.root,43637,4,h100;h3;h1;h50
OK,/exp/uboone/data/users/jburridg/Nuance/NUANCE/NUANCE_event_files/output/root/PoT_Nuance_event_files/15th_test_run/events_4382.root,43131,4,h100;h3;h1;h50
OK,/exp/uboone/data/users/jburridg/Nuance/NUANCE/NUANCE_event_files/output/root/PoT_Nuance_event_files/15th_test_run/events_4439.root,41613,4,h100;h3;h1;h50
OK,/exp/uboone/data/users/jburridg/Nuance/NUANCE/NUANCE_event_files/output/root/PoT_Nuance_event_files/15th_test_run/events_4399.root,43479,4,h100;h3;h1;h50
OK,/exp/uboone/data/users/jburridg/Nuance/NUANCE/NUANCE_event_files/output/root/PoT_Nuance_event_files/15th_test_run/events_4504.root,45283,4,h100;h3;h1;h50
OK,/exp/uboone/data/users/jburridg/Nuance/NUANCE/NUANCE_event_files/output/root/PoT_Nuance_event_files/15th_test_run/events_4507.root,45358,4,h100;h3;h1;h50
OK,/exp/uboone/data/users/jburridg/Nuance/NUANCE/NUANCE_event_files/output/root/PoT_Nuance_event_files/15th_test_run/events_4336.root,42682,4,h100;h3;h1;h50
OK,/exp/uboone/data/users/jburridg/Nuance/NUANCE/NUANCE_event_files/output/root/PoT_Nuance_event_files/15th_test_run/events_4210.root,38933,4,h100;h3;h1;h50
OK,/exp/uboone/data/users/jburridg/Nuance/NUANCE/NUANCE_event_files/output/root/PoT_Nuance_event_files/15th_test_run/events_4069.root,43802,4,h100;h3;h1;h50
OK,/exp/uboone/data/users/jburridg/Nuance/NUANCE/NUANCE_event_files/output/root/PoT_Nuance_event_files/15th_test_run/events_4166.root,42804,4,h100;h3;h1;h50
OK,/exp/uboone/data/users/jburridg/Nuance/NUANCE/NUANCE_event_files/output/root/PoT_Nuance_event_files/15th_test_run/events_4502.root,40790,4,h100;h3;h1;h50
OK,/exp/uboone/data/users/jburridg/Nuance/NUANCE/NUANCE_event_files/output/root/PoT_Nuance_event_files/15th_test_run/events_4032.root,41017,4,h100;h3;h1;h50
OK,/exp/uboone/data/users/jburridg/Nuance/NUANCE/NUANCE_event_files/output/root/PoT_Nuance_event_files/15th_test_run/events_4327.root,42662,4,h100;h3;h1;h50
OK,/exp/uboone/data/users/jburridg/Nuance/NUANCE/NUANCE_event_files/output/root/PoT_Nuance_event_files/15th_test_run/events_4005.root,39436,4,h100;h3;h1;h50
OK,/exp/uboone/data/users/jburridg/Nuance/NUANCE/NUANCE_event_files/output/root/PoT_Nuance_event_files/15th_test_run/events_4417.root,41634,4,h100;h3;h1;h50
OK,/exp/uboone/data/users/jburridg/Nuance/NUANCE/NUANCE_event_files/output/root/PoT_Nuance_event_files/15th_test_run/events_4183.root,41733,4,h100;h3;h1;h50
OK,/exp/uboone/data/users/jburridg/Nuance/NUANCE/NUANCE_event_files/output/root/PoT_Nuance_event_files/15th_test_run/events_4486.root,45413,4,h100;h3;h1;h50
OK,/exp/uboone/data/users/jburridg/Nuance/NUANCE/NUANCE_event_files/output/root/PoT_Nuance_event_files/15th_test_run/events_4497.root,44718,4,h100;h3;h1;h50
OK,/exp/uboone/data/users/jburridg/Nuance/NUANCE/NUANCE_event_files/output/root/PoT_Nuance_event_files/15th_test_run/events_4231.root,44651,4,h100;h3;h1;h50
OK,/exp/uboone/data/users/jburridg/Nuance/NUANCE/NUANCE_event_files/output/root/PoT_Nuance_event_files/15th_test_run/events_4079.root,42704,4,h100;h3;h1;h50
OK,/exp/uboone/data/users/jburridg/Nuance/NUANCE/NUANCE_event_files/output/root/PoT_Nuance_event_files/15th_test_run/events_4425.root,46463,4,h100;h3;h1;h50
OK,/exp/uboone/data/users/jburridg/Nuance/NUANCE/NUANCE_event_files/output/root/PoT_Nuance_event_files/15th_test_run/events_4028.root,43450,4,h100;h3;h1;h50
OK,/exp/uboone/data/users/jburridg/Nuance/NUANCE/NUANCE_event_files/output/root/PoT_Nuance_event_files/15th_test_run/events_4328.root,42331,4,h100;h3;h1;h50
OK,/exp/uboone/data/users/jburridg/Nuance/NUANCE/NUANCE_event_files/output/root/PoT_Nuance_event_files/15th_test_run/events_4506.root,43787,4,h100;h3;h1;h50
OK,/exp/uboone/data/users/jburridg/Nuance/NUANCE/NUANCE_event_files/output/root/PoT_Nuance_event_files/15th_test_run/events_4272.root,43380,4,h100;h3;h1;h50
OK,/exp/uboone/data/users/jburridg/Nuance/NUANCE/NUANCE_event_files/output/root/PoT_Nuance_event_files/15th_test_run/events_4601.root,44103,4,h100;h3;h1;h50
OK,/exp/uboone/data/users/jburridg/Nuance/NUANCE/NUANCE_event_files/output/root/PoT_Nuance_event_files/15th_test_run/events_4378.root,44283,4,h100;h3;h1;h50
OK,/exp/uboone/data/users/jburridg/Nuance/NUANCE/NUANCE_event_files/output/root/PoT_Nuance_event_files/15th_test_run/events_4396.root,42182,4,h100;h3;h1;h50
OK,/exp/uboone/data/users/jburridg/Nuance/NUANCE/NUANCE_event_files/output/root/PoT_Nuance_event_files/15th_test_run/events_4133.root,43841,4,h100;h3;h1;h50
OK,/exp/uboone/data/users/jburridg/Nuance/NUANCE/NUANCE_event_files/output/root/PoT_Nuance_event_files/15th_test_run/events_4203.root,42139,4,h100;h3;h1;h50
OK,/exp/uboone/data/users/jburridg/Nuance/NUANCE/NUANCE_event_files/output/root/PoT_Nuance_event_files/15th_test_run/events_4126.root,44479,4,h100;h3;h1;h50
OK,/exp/uboone/data/users/jburridg/Nuance/NUANCE/NUANCE_event_files/output/root/PoT_Nuance_event_files/15th_test_run/events_4550.root,44502,4,h100;h3;h1;h50
OK,/exp/uboone/data/users/jburridg/Nuance/NUANCE/NUANCE_event_files/output/root/PoT_Nuance_event_files/15th_test_run/events_4559.root,42304,4,h100;h3;h1;h50
OK,/exp/uboone/data/users/jburridg/Nuance/NUANCE/NUANCE_event_files/output/root/PoT_Nuance_event_files/15th_test_run/events_4569.root,41603,4,h100;h3;h1;h50
OK,/exp/uboone/data/users/jburridg/Nuance/NUANCE/NUANCE_event_files/output/root/PoT_Nuance_event_files/15th_test_run/events_4188.root,40571,4,h100;h3;h1;h50
OK,/exp/uboone/data/users/jburridg/Nuance/NUANCE/NUANCE_event_files/output/root/PoT_Nuance_event_files/15th_test_run/events_4580.root,42034,4,h100;h3;h1;h50
OK,/exp/uboone/data/users/jburridg/Nuance/NUANCE/NUANCE_event_files/output/root/PoT_Nuance_event_files/15th_test_run/events_4211.root,41030,4,h100;h3;h1;h50
OK,/exp/uboone/data/users/jburridg/Nuance/NUANCE/NUANCE_event_files/output/root/PoT_Nuance_event_files/15th_test_run/events_4475.root,40681,4,h100;h3;h1;h50
OK,/exp/uboone/data/users/jburridg/Nuance/NUANCE/NUANCE_event_files/output/root/PoT_Nuance_event_files/15th_test_run/events_4057.root,40705,4,h100;h3;h1;h50
OK,/exp/uboone/data/users/jburridg/Nuance/NUANCE/NUANCE_event_files/output/root/PoT_Nuance_event_files/15th_test_run/events_4309.root,40228,4,h100;h3;h1;h50
OK,/exp/uboone/data/users/jburridg/Nuance/NUANCE/NUANCE_event_files/output/root/PoT_Nuance_event_files/15th_test_run/events_4186.root,42899,4,h100;h3;h1;h50
OK,/exp/uboone/data/users/jburridg/Nuance/NUANCE/NUANCE_event_files/output/root/PoT_Nuance_event_files/15th_test_run/events_4113.root,41426,4,h100;h3;h1;h50
OK,/exp/uboone/data/users/jburridg/Nuance/NUANCE/NUANCE_event_files/output/root/PoT_Nuance_event_files/15th_test_run/events_4480.root,43473,4,h100;h3;h1;h50
OK,/exp/uboone/data/users/jburridg/Nuance/NUANCE/NUANCE_event_files/output/root/PoT_Nuance_event_files/15th_test_run/events_4341.root,44164,4,h100;h3;h1;h50
OK,/exp/uboone/data/users/jburridg/Nuance/NUANCE/NUANCE_event_files/output/root/PoT_Nuance_event_files/15th_test_run/events_4560.root,41029,4,h100;h3;h1;h50
OK,/exp/uboone/data/users/jburridg/Nuance/NUANCE/NUANCE_event_files/output/root/PoT_Nuance_event_files/15th_test_run/events_4296.root,40868,4,h100;h3;h1;h50
OK,/exp/uboone/data/users/jburridg/Nuance/NUANCE/NUANCE_event_files/output/root/PoT_Nuance_event_files/15th_test_run/events_4092.root,43887,4,h100;h3;h1;h50
OK,/exp/uboone/data/users/jburridg/Nuance/NUANCE/NUANCE_event_files/output/root/PoT_Nuance_event_files/15th_test_run/events_4443.root,45434,4,h100;h3;h1;h50
OK,/exp/uboone/data/users/jburridg/Nuance/NUANCE/NUANCE_event_files/output/root/PoT_Nuance_event_files/15th_test_run/events_4160.root,43130,4,h100;h3;h1;h50
OK,/exp/uboone/data/users/jburridg/Nuance/NUANCE/NUANCE_event_files/output/root/PoT_Nuance_event_files/15th_test_run/events_4363.root,42819,4,h100;h3;h1;h50
OK,/exp/uboone/data/users/jburridg/Nuance/NUANCE/NUANCE_event_files/output/root/PoT_Nuance_event_files/15th_test_run/events_4671.root,42370,4,h100;h3;h1;h50
OK,/exp/uboone/data/users/jburridg/Nuance/NUANCE/NUANCE_event_files/output/root/PoT_Nuance_event_files/15th_test_run/events_4042.root,42477,4,h100;h3;h1;h50
OK,/exp/uboone/data/users/jburridg/Nuance/NUANCE/NUANCE_event_files/output/root/PoT_Nuance_event_files/15th_test_run/events_4249.root,44907,4,h100;h3;h1;h50
OK,/exp/uboone/data/users/jburridg/Nuance/NUANCE/NUANCE_event_files/output/root/PoT_Nuance_event_files/15th_test_run/events_4103.root,43138,4,h100;h3;h1;h50
OK,/exp/uboone/data/users/jburridg/Nuance/NUANCE/NUANCE_event_files/output/root/PoT_Nuance_event_files/15th_test_run/events_4654.root,42250,4,h100;h3;h1;h50
OK,/exp/uboone/data/users/jburridg/Nuance/NUANCE/NUANCE_event_files/output/root/PoT_Nuance_event_files/15th_test_run/events_4128.root,46547,4,h100;h3;h1;h50
OK,/exp/uboone/data/users/jburridg/Nuance/NUANCE/NUANCE_event_files/output/root/PoT_Nuance_event_files/15th_test_run/events_4547.root,43456,4,h100;h3;h1;h50
OK,/exp/uboone/data/users/jburridg/Nuance/NUANCE/NUANCE_event_files/output/root/PoT_Nuance_event_files/15th_test_run/events_4115.root,40965,4,h100;h3;h1;h50
OK,/exp/uboone/data/users/jburridg/Nuance/NUANCE/NUANCE_event_files/output/root/PoT_Nuance_event_files/15th_test_run/events_4109.root,41923,4,h100;h3;h1;h50
OK,/exp/uboone/data/users/jburridg/Nuance/NUANCE/NUANCE_event_files/output/root/PoT_Nuance_event_files/15th_test_run/events_4202.root,43549,4,h100;h3;h1;h50
OK,/exp/uboone/data/users/jburridg/Nuance/NUANCE/NUANCE_event_files/output/root/PoT_Nuance_event_files/15th_test_run/events_4325.root,42977,4,h100;h3;h1;h50
OK,/exp/uboone/data/users/jburridg/Nuance/NUANCE/NUANCE_event_files/output/root/PoT_Nuance_event_files/15th_test_run/events_4625.root,43730,4,h100;h3;h1;h50
OK,/exp/uboone/data/users/jburridg/Nuance/NUANCE/NUANCE_event_files/output/root/PoT_Nuance_event_files/15th_test_run/events_4043.root,41806,4,h100;h3;h1;h50
OK,/exp/uboone/data/users/jburridg/Nuance/NUANCE/NUANCE_event_files/output/root/PoT_Nuance_event_files/15th_test_run/events_4523.root,42533,4,h100;h3;h1;h50
OK,/exp/uboone/data/users/jburridg/Nuance/NUANCE/NUANCE_event_files/output/root/PoT_Nuance_event_files/15th_test_run/events_4387.root,46258,4,h100;h3;h1;h50
OK,/exp/uboone/data/users/jburridg/Nuance/NUANCE/NUANCE_event_files/output/root/PoT_Nuance_event_files/15th_test_run/events_4065.root,45397,4,h100;h3;h1;h50
OK,/exp/uboone/data/users/jburridg/Nuance/NUANCE/NUANCE_event_files/output/root/PoT_Nuance_event_files/15th_test_run/events_4280.root,44224,4,h100;h3;h1;h50
OK,/exp/uboone/data/users/jburridg/Nuance/NUANCE/NUANCE_event_files/output/root/PoT_Nuance_event_files/15th_test_run/events_4462.root,44135,4,h100;h3;h1;h50
OK,/exp/uboone/data/users/jburridg/Nuance/NUANCE/NUANCE_event_files/output/root/PoT_Nuance_event_files/15th_test_run/events_4049.root,42876,4,h100;h3;h1;h50
OK,/exp/uboone/data/users/jburridg/Nuance/NUANCE/NUANCE_event_files/output/root/PoT_Nuance_event_files/15th_test_run/events_4408.root,39973,4,h100;h3;h1;h50
OK,/exp/uboone/data/users/jburridg/Nuance/NUANCE/NUANCE_event_files/output/root/PoT_Nuance_event_files/15th_test_run/events_4227.root,41931,4,h100;h3;h1;h50
OK,/exp/uboone/data/users/jburridg/Nuance/NUANCE/NUANCE_event_files/output/root/PoT_Nuance_event_files/15th_test_run/events_4308.root,42985,4,h100;h3;h1;h50
OK,/exp/uboone/data/users/jburridg/Nuance/NUANCE/NUANCE_event_files/output/root/PoT_Nuance_event_files/15th_test_run/events_4665.root,41436,4,h100;h3;h1;h50
OK,/exp/uboone/data/users/jburridg/Nuance/NUANCE/NUANCE_event_files/output/root/PoT_Nuance_event_files/15th_test_run/events_4161.root,42124,4,h100;h3;h1;h50
OK,/exp/uboone/data/users/jburridg/Nuance/NUANCE/NUANCE_event_files/output/root/PoT_Nuance_event_files/15th_test_run/events_4285.root,43024,4,h100;h3;h1;h50
OK,/exp/uboone/data/users/jburridg/Nuance/NUANCE/NUANCE_event_files/output/root/PoT_Nuance_event_files/15th_test_run/events_4279.root,42576,4,h100;h3;h1;h50
OK,/exp/uboone/data/users/jburridg/Nuance/NUANCE/NUANCE_event_files/output/root/PoT_Nuance_event_files/15th_test_run/events_4548.root,40786,4,h100;h3;h1;h50
OK,/exp/uboone/data/users/jburridg/Nuance/NUANCE/NUANCE_event_files/output/root/PoT_Nuance_event_files/15th_test_run/events_4406.root,43304,4,h100;h3;h1;h50
OK,/exp/uboone/data/users/jburridg/Nuance/NUANCE/NUANCE_event_files/output/root/PoT_Nuance_event_files/15th_test_run/events_4670.root,43222,4,h100;h3;h1;h50
OK,/exp/uboone/data/users/jburridg/Nuance/NUANCE/NUANCE_event_files/output/root/PoT_Nuance_event_files/15th_test_run/events_4311.root,41179,4,h100;h3;h1;h50
OK,/exp/uboone/data/users/jburridg/Nuance/NUANCE/NUANCE_event_files/output/root/PoT_Nuance_event_files/15th_test_run/events_4444.root,41507,4,h100;h3;h1;h50
OK,/exp/uboone/data/users/jburridg/Nuance/NUANCE/NUANCE_event_files/output/root/PoT_Nuance_event_files/15th_test_run/events_4041.root,41689,4,h100;h3;h1;h50
OK,/exp/uboone/data/users/jburridg/Nuance/NUANCE/NUANCE_event_files/output/root/PoT_Nuance_event_files/15th_test_run/events_4220.root,47063,4,h100;h3;h1;h50
OK,/exp/uboone/data/users/jburridg/Nuance/NUANCE/NUANCE_event_files/output/root/PoT_Nuance_event_files/15th_test_run/events_4149.root,44721,4,h100;h3;h1;h50
OK,/exp/uboone/data/users/jburridg/Nuance/NUANCE/NUANCE_event_files/output/root/PoT_Nuance_event_files/15th_test_run/events_4367.root,43836,4,h100;h3;h1;h50
OK,/exp/uboone/data/users/jburridg/Nuance/NUANCE/NUANCE_event_files/output/root/PoT_Nuance_event_files/15th_test_run/events_4002.root,42649,4,h100;h3;h1;h50
OK,/exp/uboone/data/users/jburridg/Nuance/NUANCE/NUANCE_event_files/output/root/PoT_Nuance_event_files/15th_test_run/events_4362.root,42365,4,h100;h3;h1;h50
OK,/exp/uboone/data/users/jburridg/Nuance/NUANCE/NUANCE_event_files/output/root/PoT_Nuance_event_files/15th_test_run/events_4112.root,42421,4,h100;h3;h1;h50
OK,/exp/uboone/data/users/jburridg/Nuance/NUANCE/NUANCE_event_files/output/root/PoT_Nuance_event_files/15th_test_run/events_4292.root,41866,4,h100;h3;h1;h50
OK,/exp/uboone/data/users/jburridg/Nuance/NUANCE/NUANCE_event_files/output/root/PoT_Nuance_event_files/15th_test_run/events_4347.root,42373,4,h100;h3;h1;h50
OK,/exp/uboone/data/users/jburridg/Nuance/NUANCE/NUANCE_event_files/output/root/PoT_Nuance_event_files/15th_test_run/events_4138.root,44007,4,h100;h3;h1;h50
OK,/exp/uboone/data/users/jburridg/Nuance/NUANCE/NUANCE_event_files/output/root/PoT_Nuance_event_files/15th_test_run/events_4579.root,44494,4,h100;h3;h1;h50
OK,/exp/uboone/data/users/jburridg/Nuance/NUANCE/NUANCE_event_files/output/root/PoT_Nuance_event_files/15th_test_run/events_4383.root,44598,4,h100;h3;h1;h50
OK,/exp/uboone/data/users/jburridg/Nuance/NUANCE/NUANCE_event_files/output/root/PoT_Nuance_event_files/15th_test_run/events_4375.root,46424,4,h100;h3;h1;h50
OK,/exp/uboone/data/users/jburridg/Nuance/NUANCE/NUANCE_event_files/output/root/PoT_Nuance_event_files/15th_test_run/events_4282.root,41635,4,h100;h3;h1;h50
OK,/exp/uboone/data/users/jburridg/Nuance/NUANCE/NUANCE_event_files/output/root/PoT_Nuance_event_files/15th_test_run/events_4266.root,43086,4,h100;h3;h1;h50
OK,/exp/uboone/data/users/jburridg/Nuance/NUANCE/NUANCE_event_files/output/root/PoT_Nuance_event_files/15th_test_run/events_4674.root,42604,4,h100;h3;h1;h50
OK,/exp/uboone/data/users/jburridg/Nuance/NUANCE/NUANCE_event_files/output/root/PoT_Nuance_event_files/15th_test_run/events_4449.root,42266,4,h100;h3;h1;h50
OK,/exp/uboone/data/users/jburridg/Nuance/NUANCE/NUANCE_event_files/output/root/PoT_Nuance_event_files/15th_test_run/events_4517.root,39831,4,h100;h3;h1;h50
OK,/exp/uboone/data/users/jburridg/Nuance/NUANCE/NUANCE_event_files/output/root/PoT_Nuance_event_files/15th_test_run/events_4140.root,42949,4,h100;h3;h1;h50
OK,/exp/uboone/data/users/jburridg/Nuance/NUANCE/NUANCE_event_files/output/root/PoT_Nuance_event_files/15th_test_run/events_4499.root,40573,4,h100;h3;h1;h50
OK,/exp/uboone/data/users/jburridg/Nuance/NUANCE/NUANCE_event_files/output/root/PoT_Nuance_event_files/15th_test_run/events_4143.root,42064,4,h100;h3;h1;h50
OK,/exp/uboone/data/users/jburridg/Nuance/NUANCE/NUANCE_event_files/output/root/PoT_Nuance_event_files/15th_test_run/events_4379.root,46458,4,h100;h3;h1;h50
OK,/exp/uboone/data/users/jburridg/Nuance/NUANCE/NUANCE_event_files/output/root/PoT_Nuance_event_files/15th_test_run/events_4573.root,42659,4,h100;h3;h1;h50
OK,/exp/uboone/data/users/jburridg/Nuance/NUANCE/NUANCE_event_files/output/root/PoT_Nuance_event_files/15th_test_run/events_4558.root,42057,4,h100;h3;h1;h50
OK,/exp/uboone/data/users/jburridg/Nuance/NUANCE/NUANCE_event_files/output/root/PoT_Nuance_event_files/15th_test_run/events_4423.root,43586,4,h100;h3;h1;h50
OK,/exp/uboone/data/users/jburridg/Nuance/NUANCE/NUANCE_event_files/output/root/PoT_Nuance_event_files/15th_test_run/events_4587.root,43037,4,h100;h3;h1;h50
OK,/exp/uboone/data/users/jburridg/Nuance/NUANCE/NUANCE_event_files/output/root/PoT_Nuance_event_files/15th_test_run/events_4476.root,42273,4,h100;h3;h1;h50
OK,/exp/uboone/data/users/jburridg/Nuance/NUANCE/NUANCE_event_files/output/root/PoT_Nuance_event_files/15th_test_run/events_4599.root,40713,4,h100;h3;h1;h50
OK,/exp/uboone/data/users/jburridg/Nuance/NUANCE/NUANCE_event_files/output/root/PoT_Nuance_event_files/15th_test_run/events_4635.root,42357,4,h100;h3;h1;h50
OK,/exp/uboone/data/users/jburridg/Nuance/NUANCE/NUANCE_event_files/output/root/PoT_Nuance_event_files/15th_test_run/events_4566.root,43430,4,h100;h3;h1;h50
OK,/exp/uboone/data/users/jburridg/Nuance/NUANCE/NUANCE_event_files/output/root/PoT_Nuance_event_files/15th_test_run/events_4173.root,43653,4,h100;h3;h1;h50
OK,/exp/uboone/data/users/jburridg/Nuance/NUANCE/NUANCE_event_files/output/root/PoT_Nuance_event_files/15th_test_run/events_4678.root,42823,4,h100;h3;h1;h50
OK,/exp/uboone/data/users/jburridg/Nuance/NUANCE/NUANCE_event_files/output/root/PoT_Nuance_event_files/15th_test_run/events_4592.root,41283,4,h100;h3;h1;h50
OK,/exp/uboone/data/users/jburridg/Nuance/NUANCE/NUANCE_event_files/output/root/PoT_Nuance_event_files/15th_test_run/events_4318.root,43675,4,h100;h3;h1;h50
OK,/exp/uboone/data/users/jburridg/Nuance/NUANCE/NUANCE_event_files/output/root/PoT_Nuance_event_files/15th_test_run/events_4641.root,43152,4,h100;h3;h1;h50
OK,/exp/uboone/data/users/jburridg/Nuance/NUANCE/NUANCE_event_files/output/root/PoT_Nuance_event_files/15th_test_run/events_4513.root,43194,4,h100;h3;h1;h50
OK,/exp/uboone/data/users/jburridg/Nuance/NUANCE/NUANCE_event_files/output/root/PoT_Nuance_event_files/15th_test_run/events_4097.root,42015,4,h100;h3;h1;h50
OK,/exp/uboone/data/users/jburridg/Nuance/NUANCE/NUANCE_event_files/output/root/PoT_Nuance_event_files/15th_test_run/events_4148.root,42543,4,h100;h3;h1;h50
OK,/exp/uboone/data/users/jburridg/Nuance/NUANCE/NUANCE_event_files/output/root/PoT_Nuance_event_files/15th_test_run/events_4121.root,42494,4,h100;h3;h1;h50
OK,/exp/uboone/data/users/jburridg/Nuance/NUANCE/NUANCE_event_files/output/root/PoT_Nuance_event_files/15th_test_run/events_4354.root,43088,4,h100;h3;h1;h50
OK,/exp/uboone/data/users/jburridg/Nuance/NUANCE/NUANCE_event_files/output/root/PoT_Nuance_event_files/15th_test_run/events_4321.root,43278,4,h100;h3;h1;h50
OK,/exp/uboone/data/users/jburridg/Nuance/NUANCE/NUANCE_event_files/output/root/PoT_Nuance_event_files/15th_test_run/events_4537.root,43230,4,h100;h3;h1;h50
OK,/exp/uboone/data/users/jburridg/Nuance/NUANCE/NUANCE_event_files/output/root/PoT_Nuance_event_files/15th_test_run/events_4623.root,43451,4,h100;h3;h1;h50
OK,/exp/uboone/data/users/jburridg/Nuance/NUANCE/NUANCE_event_files/output/root/PoT_Nuance_event_files/15th_test_run/events_4415.root,43772,4,h100;h3;h1;h50
OK,/exp/uboone/data/users/jburridg/Nuance/NUANCE/NUANCE_event_files/output/root/PoT_Nuance_event_files/15th_test_run/events_4433.root,41394,4,h100;h3;h1;h50
OK,/exp/uboone/data/users/jburridg/Nuance/NUANCE/NUANCE_event_files/output/root/PoT_Nuance_event_files/15th_test_run/events_4640.root,43499,4,h100;h3;h1;h50
OK,/exp/uboone/data/users/jburridg/Nuance/NUANCE/NUANCE_event_files/output/root/PoT_Nuance_event_files/15th_test_run/events_4438.root,43475,4,h100;h3;h1;h50
OK,/exp/uboone/data/users/jburridg/Nuance/NUANCE/NUANCE_event_files/output/root/PoT_Nuance_event_files/15th_test_run/events_4237.root,44619,4,h100;h3;h1;h50
OK,/exp/uboone/data/users/jburridg/Nuance/NUANCE/NUANCE_event_files/output/root/PoT_Nuance_event_files/15th_test_run/events_4276.root,41743,4,h100;h3;h1;h50
OK,/exp/uboone/data/users/jburridg/Nuance/NUANCE/NUANCE_event_files/output/root/PoT_Nuance_event_files/15th_test_run/events_4456.root,43011,4,h100;h3;h1;h50
OK,/exp/uboone/data/users/jburridg/Nuance/NUANCE/NUANCE_event_files/output/root/PoT_Nuance_event_files/15th_test_run/events_4146.root,42375,4,h100;h3;h1;h50
OK,/exp/uboone/data/users/jburridg/Nuance/NUANCE/NUANCE_event_files/output/root/PoT_Nuance_event_files/15th_test_run/events_4037.root,44089,4,h100;h3;h1;h50
OK,/exp/uboone/data/users/jburridg/Nuance/NUANCE/NUANCE_event_files/output/root/PoT_Nuance_event_files/15th_test_run/events_4392.root,43836,4,h100;h3;h1;h50
OK,/exp/uboone/data/users/jburridg/Nuance/NUANCE/NUANCE_event_files/output/root/PoT_Nuance_event_files/15th_test_run/events_4168.root,41195,4,h100;h3;h1;h50
OK,/exp/uboone/data/users/jburridg/Nuance/NUANCE/NUANCE_event_files/output/root/PoT_Nuance_event_files/15th_test_run/events_4541.root,44418,4,h100;h3;h1;h50
OK,/exp/uboone/data/users/jburridg/Nuance/NUANCE/NUANCE_event_files/output/root/PoT_Nuance_event_files/15th_test_run/events_4682.root,42132,4,h100;h3;h1;h50
OK,/exp/uboone/data/users/jburridg/Nuance/NUANCE/NUANCE_event_files/output/root/PoT_Nuance_event_files/15th_test_run/events_4083.root,43051,4,h100;h3;h1;h50
OK,/exp/uboone/data/users/jburridg/Nuance/NUANCE/NUANCE_event_files/output/root/PoT_Nuance_event_files/15th_test_run/events_4232.root,40620,4,h100;h3;h1;h50
OK,/exp/uboone/data/users/jburridg/Nuance/NUANCE/NUANCE_event_files/output/root/PoT_Nuance_event_files/15th_test_run/events_4368.root,42754,4,h100;h3;h1;h50
OK,/exp/uboone/data/users/jburridg/Nuance/NUANCE/NUANCE_event_files/output/root/PoT_Nuance_event_files/15th_test_run/events_4063.root,43226,4,h100;h3;h1;h50
OK,/exp/uboone/data/users/jburridg/Nuance/NUANCE/NUANCE_event_files/output/root/PoT_Nuance_event_files/15th_test_run/events_4498.root,40810,4,h100;h3;h1;h50
OK,/exp/uboone/data/users/jburridg/Nuance/NUANCE/NUANCE_event_files/output/root/PoT_Nuance_event_files/15th_test_run/events_4530.root,43165,4,h100;h3;h1;h50
OK,/exp/uboone/data/users/jburridg/Nuance/NUANCE/NUANCE_event_files/output/root/PoT_Nuance_event_files/15th_test_run/events_4288.root,40377,4,h100;h3;h1;h50
OK,/exp/uboone/data/users/jburridg/Nuance/NUANCE/NUANCE_event_files/output/root/PoT_Nuance_event_files/15th_test_run/events_4575.root,42484,4,h100;h3;h1;h50
OK,/exp/uboone/data/users/jburridg/Nuance/NUANCE/NUANCE_event_files/output/root/PoT_Nuance_event_files/15th_test_run/events_4394.root,41318,4,h100;h3;h1;h50
OK,/exp/uboone/data/users/jburridg/Nuance/NUANCE/NUANCE_event_files/output/root/PoT_Nuance_event_files/15th_test_run/events_4339.root,41729,4,h100;h3;h1;h50
OK,/exp/uboone/data/users/jburridg/Nuance/NUANCE/NUANCE_event_files/output/root/PoT_Nuance_event_files/15th_test_run/events_4180.root,45240,4,h100;h3;h1;h50
OK,/exp/uboone/data/users/jburridg/Nuance/NUANCE/NUANCE_event_files/output/root/PoT_Nuance_event_files/15th_test_run/events_4655.root,40500,4,h100;h3;h1;h50
OK,/exp/uboone/data/users/jburridg/Nuance/NUANCE/NUANCE_event_files/output/root/PoT_Nuance_event_files/15th_test_run/events_4468.root,41325,4,h100;h3;h1;h50
OK,/exp/uboone/data/users/jburridg/Nuance/NUANCE/NUANCE_event_files/output/root/PoT_Nuance_event_files/15th_test_run/events_4518.root,43901,4,h100;h3;h1;h50
OK,/exp/uboone/data/users/jburridg/Nuance/NUANCE/NUANCE_event_files/output/root/PoT_Nuance_event_files/15th_test_run/events_4413.root,42998,4,h100;h3;h1;h50
OK,/exp/uboone/data/users/jburridg/Nuance/NUANCE/NUANCE_event_files/output/root/PoT_Nuance_event_files/15th_test_run/events_4626.root,41614,4,h100;h3;h1;h50
OK,/exp/uboone/data/users/jburridg/Nuance/NUANCE/NUANCE_event_files/output/root/PoT_Nuance_event_files/15th_test_run/events_4568.root,42870,4,h100;h3;h1;h50
OK,/exp/uboone/data/users/jburridg/Nuance/NUANCE/NUANCE_event_files/output/root/PoT_Nuance_event_files/15th_test_run/events_4446.root,45384,4,h100;h3;h1;h50
OK,/exp/uboone/data/users/jburridg/Nuance/NUANCE/NUANCE_event_files/output/root/PoT_Nuance_event_files/15th_test_run/events_4277.root,45185,4,h100;h3;h1;h50
OK,/exp/uboone/data/users/jburridg/Nuance/NUANCE/NUANCE_event_files/output/root/PoT_Nuance_event_files/15th_test_run/events_4360.root,44447,4,h100;h3;h1;h50
OK,/exp/uboone/data/users/jburridg/Nuance/NUANCE/NUANCE_event_files/output/root/PoT_Nuance_event_files/15th_test_run/events_4274.root,43368,4,h100;h3;h1;h50
OK,/exp/uboone/data/users/jburridg/Nuance/NUANCE/NUANCE_event_files/output/root/PoT_Nuance_event_files/15th_test_run/events_4644.root,44292,4,h100;h3;h1;h50
OK,/exp/uboone/data/users/jburridg/Nuance/NUANCE/NUANCE_event_files/output/root/PoT_Nuance_event_files/15th_test_run/events_4390.root,45312,4,h100;h3;h1;h50
OK,/exp/uboone/data/users/jburridg/Nuance/NUANCE/NUANCE_event_files/output/root/PoT_Nuance_event_files/15th_test_run/events_4585.root,44271,4,h100;h3;h1;h50
OK,/exp/uboone/data/users/jburridg/Nuance/NUANCE/NUANCE_event_files/output/root/PoT_Nuance_event_files/15th_test_run/events_4102.root,41844,4,h100;h3;h1;h50
OK,/exp/uboone/data/users/jburridg/Nuance/NUANCE/NUANCE_event_files/output/root/PoT_Nuance_event_files/15th_test_run/events_4366.root,44189,4,h100;h3;h1;h50
OK,/exp/uboone/data/users/jburridg/Nuance/NUANCE/NUANCE_event_files/output/root/PoT_Nuance_event_files/15th_test_run/events_4044.root,43033,4,h100;h3;h1;h50
OK,/exp/uboone/data/users/jburridg/Nuance/NUANCE/NUANCE_event_files/output/root/PoT_Nuance_event_files/15th_test_run/events_4131.root,42429,4,h100;h3;h1;h50
OK,/exp/uboone/data/users/jburridg/Nuance/NUANCE/NUANCE_event_files/output/root/PoT_Nuance_event_files/15th_test_run/events_4120.root,42960,4,h100;h3;h1;h50
OK,/exp/uboone/data/users/jburridg/Nuance/NUANCE/NUANCE_event_files/output/root/PoT_Nuance_event_files/15th_test_run/events_4024.root,43286,4,h100;h3;h1;h50
OK,/exp/uboone/data/users/jburridg/Nuance/NUANCE/NUANCE_event_files/output/root/PoT_Nuance_event_files/15th_test_run/events_4604.root,42612,4,h100;h3;h1;h50
OK,/exp/uboone/data/users/jburridg/Nuance/NUANCE/NUANCE_event_files/output/root/PoT_Nuance_event_files/15th_test_run/events_4676.root,45506,4,h100;h3;h1;h50
OK,/exp/uboone/data/users/jburridg/Nuance/NUANCE/NUANCE_event_files/output/root/PoT_Nuance_event_files/15th_test_run/events_4574.root,42915,4,h100;h3;h1;h50
OK,/exp/uboone/data/users/jburridg/Nuance/NUANCE/NUANCE_event_files/output/root/PoT_Nuance_event_files/15th_test_run/events_4615.root,43540,4,h100;h3;h1;h50
OK,/exp/uboone/data/users/jburridg/Nuance/NUANCE/NUANCE_event_files/output/root/PoT_Nuance_event_files/15th_test_run/events_4343.root,44963,4,h100;h3;h1;h50
OK,/exp/uboone/data/users/jburridg/Nuance/NUANCE/NUANCE_event_files/output/root/PoT_Nuance_event_files/15th_test_run/events_4377.root,43734,4,h100;h3;h1;h50
OK,/exp/uboone/data/users/jburridg/Nuance/NUANCE/NUANCE_event_files/output/root/PoT_Nuance_event_files/15th_test_run/events_4329.root,43018,4,h100;h3;h1;h50
OK,/exp/uboone/data/users/jburridg/Nuance/NUANCE/NUANCE_event_files/output/root/PoT_Nuance_event_files/15th_test_run/events_4245.root,41231,4,h100;h3;h1;h50
OK,/exp/uboone/data/users/jburridg/Nuance/NUANCE/NUANCE_event_files/output/root/PoT_Nuance_event_files/15th_test_run/events_4218.root,40793,4,h100;h3;h1;h50
OK,/exp/uboone/data/users/jburridg/Nuance/NUANCE/NUANCE_event_files/output/root/PoT_Nuance_event_files/15th_test_run/events_4098.root,44542,4,h100;h3;h1;h50
OK,/exp/uboone/data/users/jburridg/Nuance/NUANCE/NUANCE_event_files/output/root/PoT_Nuance_event_files/15th_test_run/events_4631.root,43118,4,h100;h3;h1;h50
OK,/exp/uboone/data/users/jburridg/Nuance/NUANCE/NUANCE_event_files/output/root/PoT_Nuance_event_files/15th_test_run/events_4545.root,43243,4,h100;h3;h1;h50
OK,/exp/uboone/data/users/jburridg/Nuance/NUANCE/NUANCE_event_files/output/root/PoT_Nuance_event_files/15th_test_run/events_4254.root,43199,4,h100;h3;h1;h50
OK,/exp/uboone/data/users/jburridg/Nuance/NUANCE/NUANCE_event_files/output/root/PoT_Nuance_event_files/15th_test_run/events_4494.root,41849,4,h100;h3;h1;h50
OK,/exp/uboone/data/users/jburridg/Nuance/NUANCE/NUANCE_event_files/output/root/PoT_Nuance_event_files/15th_test_run/events_4315.root,42058,4,h100;h3;h1;h50
OK,/exp/uboone/data/users/jburridg/Nuance/NUANCE/NUANCE_event_files/output/root/PoT_Nuance_event_files/15th_test_run/events_4256.root,45376,4,h100;h3;h1;h50
OK,/exp/uboone/data/users/jburridg/Nuance/NUANCE/NUANCE_event_files/output/root/PoT_Nuance_event_files/15th_test_run/events_4542.root,43867,4,h100;h3;h1;h50
OK,/exp/uboone/data/users/jburridg/Nuance/NUANCE/NUANCE_event_files/output/root/PoT_Nuance_event_files/15th_test_run/events_4250.root,42337,4,h100;h3;h1;h50
OK,/exp/uboone/data/users/jburridg/Nuance/NUANCE/NUANCE_event_files/output/root/PoT_Nuance_event_files/15th_test_run/events_4401.root,44550,4,h100;h3;h1;h50
OK,/exp/uboone/data/users/jburridg/Nuance/NUANCE/NUANCE_event_files/output/root/PoT_Nuance_event_files/15th_test_run/events_4322.root,43070,4,h100;h3;h1;h50
OK,/exp/uboone/data/users/jburridg/Nuance/NUANCE/NUANCE_event_files/output/root/PoT_Nuance_event_files/15th_test_run/events_4312.root,44613,4,h100;h3;h1;h50
OK,/exp/uboone/data/users/jburridg/Nuance/NUANCE/NUANCE_event_files/output/root/PoT_Nuance_event_files/15th_test_run/events_4230.root,42512,4,h100;h3;h1;h50
OK,/exp/uboone/data/users/jburridg/Nuance/NUANCE/NUANCE_event_files/output/root/PoT_Nuance_event_files/15th_test_run/events_4455.root,42059,4,h100;h3;h1;h50
OK,/exp/uboone/data/users/jburridg/Nuance/NUANCE/NUANCE_event_files/output/root/PoT_Nuance_event_files/15th_test_run/events_4117.root,42331,4,h100;h3;h1;h50
OK,/exp/uboone/data/users/jburridg/Nuance/NUANCE/NUANCE_event_files/output/root/PoT_Nuance_event_files/15th_test_run/events_4556.root,44224,4,h100;h3;h1;h50
OK,/exp/uboone/data/users/jburridg/Nuance/NUANCE/NUANCE_event_files/output/root/PoT_Nuance_event_files/15th_test_run/events_4135.root,39897,4,h100;h3;h1;h50
OK,/exp/uboone/data/users/jburridg/Nuance/NUANCE/NUANCE_event_files/output/root/PoT_Nuance_event_files/15th_test_run/events_4107.root,42608,4,h100;h3;h1;h50
OK,/exp/uboone/data/users/jburridg/Nuance/NUANCE/NUANCE_event_files/output/root/PoT_Nuance_event_files/15th_test_run/events_4594.root,43794,4,h100;h3;h1;h50
OK,/exp/uboone/data/users/jburridg/Nuance/NUANCE/NUANCE_event_files/output/root/PoT_Nuance_event_files/15th_test_run/events_4597.root,43949,4,h100;h3;h1;h50
OK,/exp/uboone/data/users/jburridg/Nuance/NUANCE/NUANCE_event_files/output/root/PoT_Nuance_event_files/15th_test_run/events_4064.root,44679,4,h100;h3;h1;h50
OK,/exp/uboone/data/users/jburridg/Nuance/NUANCE/NUANCE_event_files/output/root/PoT_Nuance_event_files/15th_test_run/events_4303.root,43788,4,h100;h3;h1;h50
OK,/exp/uboone/data/users/jburridg/Nuance/NUANCE/NUANCE_event_files/output/root/PoT_Nuance_event_files/15th_test_run/events_4441.root,42127,4,h100;h3;h1;h50
OK,/exp/uboone/data/users/jburridg/Nuance/NUANCE/NUANCE_event_files/output/root/PoT_Nuance_event_files/15th_test_run/events_4514.root,39180,4,h100;h3;h1;h50
OK,/exp/uboone/data/users/jburridg/Nuance/NUANCE/NUANCE_event_files/output/root/PoT_Nuance_event_files/15th_test_run/events_4248.root,43214,4,h100;h3;h1;h50
OK,/exp/uboone/data/users/jburridg/Nuance/NUANCE/NUANCE_event_files/output/root/PoT_Nuance_event_files/15th_test_run/events_4169.root,42516,4,h100;h3;h1;h50
OK,/exp/uboone/data/users/jburridg/Nuance/NUANCE/NUANCE_event_files/output/root/PoT_Nuance_event_files/15th_test_run/events_4086.root,40641,4,h100;h3;h1;h50
OK,/exp/uboone/data/users/jburridg/Nuance/NUANCE/NUANCE_event_files/output/root/PoT_Nuance_event_files/15th_test_run/events_4182.root,43736,4,h100;h3;h1;h50
OK,/exp/uboone/data/users/jburridg/Nuance/NUANCE/NUANCE_event_files/output/root/PoT_Nuance_event_files/15th_test_run/events_4620.root,42109,4,h100;h3;h1;h50
OK,/exp/uboone/data/users/jburridg/Nuance/NUANCE/NUANCE_event_files/output/root/PoT_Nuance_event_files/15th_test_run/events_4578.root,43715,4,h100;h3;h1;h50
OK,/exp/uboone/data/users/jburridg/Nuance/NUANCE/NUANCE_event_files/output/root/PoT_Nuance_event_files/15th_test_run/events_4040.root,42986,4,h100;h3;h1;h50
OK,/exp/uboone/data/users/jburridg/Nuance/NUANCE/NUANCE_event_files/output/root/PoT_Nuance_event_files/15th_test_run/events_4068.root,41474,4,h100;h3;h1;h50
OK,/exp/uboone/data/users/jburridg/Nuance/NUANCE/NUANCE_event_files/output/root/PoT_Nuance_event_files/15th_test_run/events_4388.root,41833,4,h100;h3;h1;h50
OK,/exp/uboone/data/users/jburridg/Nuance/NUANCE/NUANCE_event_files/output/root/PoT_Nuance_event_files/15th_test_run/events_4397.root,45334,4,h100;h3;h1;h50
OK,/exp/uboone/data/users/jburridg/Nuance/NUANCE/NUANCE_event_files/output/root/PoT_Nuance_event_files/15th_test_run/events_4314.root,42130,4,h100;h3;h1;h50
OK,/exp/uboone/data/users/jburridg/Nuance/NUANCE/NUANCE_event_files/output/root/PoT_Nuance_event_files/15th_test_run/events_4238.root,43841,4,h100;h3;h1;h50
OK,/exp/uboone/data/users/jburridg/Nuance/NUANCE/NUANCE_event_files/output/root/PoT_Nuance_event_files/15th_test_run/events_4001.root,43973,4,h100;h3;h1;h50
OK,/exp/uboone/data/users/jburridg/Nuance/NUANCE/NUANCE_event_files/output/root/PoT_Nuance_event_files/15th_test_run/events_4359.root,43861,4,h100;h3;h1;h50
OK,/exp/uboone/data/users/jburridg/Nuance/NUANCE/NUANCE_event_files/output/root/PoT_Nuance_event_files/15th_test_run/events_4262.root,43329,4,h100;h3;h1;h50
OK,/exp/uboone/data/users/jburridg/Nuance/NUANCE/NUANCE_event_files/output/root/PoT_Nuance_event_files/15th_test_run/events_4667.root,43855,4,h100;h3;h1;h50
OK,/exp/uboone/data/users/jburridg/Nuance/NUANCE/NUANCE_event_files/output/root/PoT_Nuance_event_files/15th_test_run/events_4376.root,44376,4,h100;h3;h1;h50
OK,/exp/uboone/data/users/jburridg/Nuance/NUANCE/NUANCE_event_files/output/root/PoT_Nuance_event_files/15th_test_run/events_4650.root,44659,4,h100;h3;h1;h50
OK,/exp/uboone/data/users/jburridg/Nuance/NUANCE/NUANCE_event_files/output/root/PoT_Nuance_event_files/15th_test_run/events_4503.root,41941,4,h100;h3;h1;h50
OK,/exp/uboone/data/users/jburridg/Nuance/NUANCE/NUANCE_event_files/output/root/PoT_Nuance_event_files/15th_test_run/events_4411.root,41117,4,h100;h3;h1;h50
OK,/exp/uboone/data/users/jburridg/Nuance/NUANCE/NUANCE_event_files/output/root/PoT_Nuance_event_files/15th_test_run/events_4567.root,40003,4,h100;h3;h1;h50
OK,/exp/uboone/data/users/jburridg/Nuance/NUANCE/NUANCE_event_files/output/root/PoT_Nuance_event_files/15th_test_run/events_4380.root,41652,4,h100;h3;h1;h50
OK,/exp/uboone/data/users/jburridg/Nuance/NUANCE/NUANCE_event_files/output/root/PoT_Nuance_event_files/15th_test_run/events_4226.root,41338,4,h100;h3;h1;h50
OK,/exp/uboone/data/users/jburridg/Nuance/NUANCE/NUANCE_event_files/output/root/PoT_Nuance_event_files/15th_test_run/events_4077.root,42720,4,h100;h3;h1;h50
OK,/exp/uboone/data/users/jburridg/Nuance/NUANCE/NUANCE_event_files/output/root/PoT_Nuance_event_files/15th_test_run/events_4263.root,43039,4,h100;h3;h1;h50
OK,/exp/uboone/data/users/jburridg/Nuance/NUANCE/NUANCE_event_files/output/root/PoT_Nuance_event_files/15th_test_run/events_4087.root,42788,4,h100;h3;h1;h50
OK,/exp/uboone/data/users/jburridg/Nuance/NUANCE/NUANCE_event_files/output/root/PoT_Nuance_event_files/15th_test_run/events_4268.root,43134,4,h100;h3;h1;h50
OK,/exp/uboone/data/users/jburridg/Nuance/NUANCE/NUANCE_event_files/output/root/PoT_Nuance_event_files/15th_test_run/events_4275.root,43674,4,h100;h3;h1;h50
OK,/exp/uboone/data/users/jburridg/Nuance/NUANCE/NUANCE_event_files/output/root/PoT_Nuance_event_files/15th_test_run/events_4593.root,44979,4,h100;h3;h1;h50
OK,/exp/uboone/data/users/jburridg/Nuance/NUANCE/NUANCE_event_files/output/root/PoT_Nuance_event_files/15th_test_run/events_4344.root,42502,4,h100;h3;h1;h50
OK,/exp/uboone/data/users/jburridg/Nuance/NUANCE/NUANCE_event_files/output/root/PoT_Nuance_event_files/15th_test_run/events_4596.root,41644,4,h100;h3;h1;h50
OK,/exp/uboone/data/users/jburridg/Nuance/NUANCE/NUANCE_event_files/output/root/PoT_Nuance_event_files/15th_test_run/events_4500.root,41076,4,h100;h3;h1;h50
OK,/exp/uboone/data/users/jburridg/Nuance/NUANCE/NUANCE_event_files/output/root/PoT_Nuance_event_files/15th_test_run/events_4185.root,44852,4,h100;h3;h1;h50
OK,/exp/uboone/data/users/jburridg/Nuance/NUANCE/NUANCE_event_files/output/root/PoT_Nuance_event_files/15th_test_run/events_4638.root,41329,4,h100;h3;h1;h50
OK,/exp/uboone/data/users/jburridg/Nuance/NUANCE/NUANCE_event_files/output/root/PoT_Nuance_event_files/15th_test_run/events_4088.root,45328,4,h100;h3;h1;h50
OK,/exp/uboone/data/users/jburridg/Nuance/NUANCE/NUANCE_event_files/output/root/PoT_Nuance_event_files/15th_test_run/events_4544.root,42560,4,h100;h3;h1;h50
OK,/exp/uboone/data/users/jburridg/Nuance/NUANCE/NUANCE_event_files/output/root/PoT_Nuance_event_files/15th_test_run/events_4333.root,42233,4,h100;h3;h1;h50
OK,/exp/uboone/data/users/jburridg/Nuance/NUANCE/NUANCE_event_files/output/root/PoT_Nuance_event_files/15th_test_run/events_4264.root,40861,4,h100;h3;h1;h50
OK,/exp/uboone/data/users/jburridg/Nuance/NUANCE/NUANCE_event_files/output/root/PoT_Nuance_event_files/15th_test_run/events_4075.root,42995,4,h100;h3;h1;h50
OK,/exp/uboone/data/users/jburridg/Nuance/NUANCE/NUANCE_event_files/output/root/PoT_Nuance_event_files/15th_test_run/events_4316.root,40851,4,h100;h3;h1;h50
OK,/exp/uboone/data/users/jburridg/Nuance/NUANCE/NUANCE_event_files/output/root/PoT_Nuance_event_files/15th_test_run/events_4137.root,43249,4,h100;h3;h1;h50
OK,/exp/uboone/data/users/jburridg/Nuance/NUANCE/NUANCE_event_files/output/root/PoT_Nuance_event_files/15th_test_run/events_4181.root,42076,4,h100;h3;h1;h50
OK,/exp/uboone/data/users/jburridg/Nuance/NUANCE/NUANCE_event_files/output/root/PoT_Nuance_event_files/15th_test_run/events_4516.root,45158,4,h100;h3;h1;h50
OK,/exp/uboone/data/users/jburridg/Nuance/NUANCE/NUANCE_event_files/output/root/PoT_Nuance_event_files/15th_test_run/events_4672.root,43299,4,h100;h3;h1;h50
OK,/exp/uboone/data/users/jburridg/Nuance/NUANCE/NUANCE_event_files/output/root/PoT_Nuance_event_files/15th_test_run/events_4600.root,44091,4,h100;h3;h1;h50
OK,/exp/uboone/data/users/jburridg/Nuance/NUANCE/NUANCE_event_files/output/root/PoT_Nuance_event_files/15th_test_run/events_4307.root,40803,4,h100;h3;h1;h50
OK,/exp/uboone/data/users/jburridg/Nuance/NUANCE/NUANCE_event_files/output/root/PoT_Nuance_event_files/15th_test_run/events_4527.root,40999,4,h100;h3;h1;h50
OK,/exp/uboone/data/users/jburridg/Nuance/NUANCE/NUANCE_event_files/output/root/PoT_Nuance_event_files/15th_test_run/events_4199.root,45587,4,h100;h3;h1;h50
OK,/exp/uboone/data/users/jburridg/Nuance/NUANCE/NUANCE_event_files/output/root/PoT_Nuance_event_files/15th_test_run/events_4528.root,42677,4,h100;h3;h1;h50
OK,/exp/uboone/data/users/jburridg/Nuance/NUANCE/NUANCE_event_files/output/root/PoT_Nuance_event_files/15th_test_run/events_4229.root,44449,4,h100;h3;h1;h50
OK,/exp/uboone/data/users/jburridg/Nuance/NUANCE/NUANCE_event_files/output/root/PoT_Nuance_event_files/15th_test_run/events_4463.root,45154,4,h100;h3;h1;h50
OK,/exp/uboone/data/users/jburridg/Nuance/NUANCE/NUANCE_event_files/output/root/PoT_Nuance_event_files/15th_test_run/events_4372.root,44173,4,h100;h3;h1;h50
OK,/exp/uboone/data/users/jburridg/Nuance/NUANCE/NUANCE_event_files/output/root/PoT_Nuance_event_files/15th_test_run/events_4589.root,44752,4,h100;h3;h1;h50
OK,/exp/uboone/data/users/jburridg/Nuance/NUANCE/NUANCE_event_files/output/root/PoT_Nuance_event_files/15th_test_run/events_4152.root,44981,4,h100;h3;h1;h50
OK,/exp/uboone/data/users/jburridg/Nuance/NUANCE/NUANCE_event_files/output/root/PoT_Nuance_event_files/15th_test_run/events_4176.root,42118,4,h100;h3;h1;h50
OK,/exp/uboone/data/users/jburridg/Nuance/NUANCE/NUANCE_event_files/output/root/PoT_Nuance_event_files/15th_test_run/events_4233.root,41807,4,h100;h3;h1;h50
OK,/exp/uboone/data/users/jburridg/Nuance/NUANCE/NUANCE_event_files/output/root/PoT_Nuance_event_files/15th_test_run/events_4018.root,42466,4,h100;h3;h1;h50
OK,/exp/uboone/data/users/jburridg/Nuance/NUANCE/NUANCE_event_files/output/root/PoT_Nuance_event_files/15th_test_run/events_4031.root,40925,4,h100;h3;h1;h50
OK,/exp/uboone/data/users/jburridg/Nuance/NUANCE/NUANCE_event_files/output/root/PoT_Nuance_event_files/15th_test_run/events_4659.root,41064,4,h100;h3;h1;h50
OK,/exp/uboone/data/users/jburridg/Nuance/NUANCE/NUANCE_event_files/output/root/PoT_Nuance_event_files/15th_test_run/events_4647.root,41979,4,h100;h3;h1;h50
OK,/exp/uboone/data/users/jburridg/Nuance/NUANCE/NUANCE_event_files/output/root/PoT_Nuance_event_files/15th_test_run/events_4630.root,41744,4,h100;h3;h1;h50
OK,/exp/uboone/data/users/jburridg/Nuance/NUANCE/NUANCE_event_files/output/root/PoT_Nuance_event_files/15th_test_run/events_4255.root,43729,4,h100;h3;h1;h50
OK,/exp/uboone/data/users/jburridg/Nuance/NUANCE/NUANCE_event_files/output/root/PoT_Nuance_event_files/15th_test_run/events_4551.root,46542,4,h100;h3;h1;h50
OK,/exp/uboone/data/users/jburridg/Nuance/NUANCE/NUANCE_event_files/output/root/PoT_Nuance_event_files/15th_test_run/events_4055.root,40891,4,h100;h3;h1;h50
OK,/exp/uboone/data/users/jburridg/Nuance/NUANCE/NUANCE_event_files/output/root/PoT_Nuance_event_files/15th_test_run/events_4190.root,43158,4,h100;h3;h1;h50
OK,/exp/uboone/data/users/jburridg/Nuance/NUANCE/NUANCE_event_files/output/root/PoT_Nuance_event_files/15th_test_run/events_4561.root,43424,4,h100;h3;h1;h50
OK,/exp/uboone/data/users/jburridg/Nuance/NUANCE/NUANCE_event_files/output/root/PoT_Nuance_event_files/15th_test_run/events_4290.root,46992,4,h100;h3;h1;h50
OK,/exp/uboone/data/users/jburridg/Nuance/NUANCE/NUANCE_event_files/output/root/PoT_Nuance_event_files/15th_test_run/events_4612.root,45889,4,h100;h3;h1;h50
OK,/exp/uboone/data/users/jburridg/Nuance/NUANCE/NUANCE_event_files/output/root/PoT_Nuance_event_files/15th_test_run/events_4391.root,42383,4,h100;h3;h1;h50
OK,/exp/uboone/data/users/jburridg/Nuance/NUANCE/NUANCE_event_files/output/root/PoT_Nuance_event_files/15th_test_run/events_4301.root,42265,4,h100;h3;h1;h50
OK,/exp/uboone/data/users/jburridg/Nuance/NUANCE/NUANCE_event_files/output/root/PoT_Nuance_event_files/15th_test_run/events_4090.root,44449,4,h100;h3;h1;h50
OK,/exp/uboone/data/users/jburridg/Nuance/NUANCE/NUANCE_event_files/output/root/PoT_Nuance_event_files/15th_test_run/events_4472.root,45186,4,h100;h3;h1;h50
OK,/exp/uboone/data/users/jburridg/Nuance/NUANCE/NUANCE_event_files/output/root/PoT_Nuance_event_files/15th_test_run/events_4014.root,43905,4,h100;h3;h1;h50
OK,/exp/uboone/data/users/jburridg/Nuance/NUANCE/NUANCE_event_files/output/root/PoT_Nuance_event_files/15th_test_run/events_4122.root,40868,4,h100;h3;h1;h50
OK,/exp/uboone/data/users/jburridg/Nuance/NUANCE/NUANCE_event_files/output/root/PoT_Nuance_event_files/15th_test_run/events_4129.root,43988,4,h100;h3;h1;h50
OK,/exp/uboone/data/users/jburridg/Nuance/NUANCE/NUANCE_event_files/output/root/PoT_Nuance_event_files/15th_test_run/events_4576.root,42237,4,h100;h3;h1;h50
OK,/exp/uboone/data/users/jburridg/Nuance/NUANCE/NUANCE_event_files/output/root/PoT_Nuance_event_files/15th_test_run/events_4052.root,42116,4,h100;h3;h1;h50
OK,/exp/uboone/data/users/jburridg/Nuance/NUANCE/NUANCE_event_files/output/root/PoT_Nuance_event_files/15th_test_run/events_4294.root,39564,4,h100;h3;h1;h50
OK,/exp/uboone/data/users/jburridg/Nuance/NUANCE/NUANCE_event_files/output/root/PoT_Nuance_event_files/15th_test_run/events_4608.root,44441,4,h100;h3;h1;h50
OK,/exp/uboone/data/users/jburridg/Nuance/NUANCE/NUANCE_event_files/output/root/PoT_Nuance_event_files/15th_test_run/events_4234.root,43167,4,h100;h3;h1;h50
OK,/exp/uboone/data/users/jburridg/Nuance/NUANCE/NUANCE_event_files/output/root/PoT_Nuance_event_files/15th_test_run/events_4400.root,39369,4,h100;h3;h1;h50
OK,/exp/uboone/data/users/jburridg/Nuance/NUANCE/NUANCE_event_files/output/root/PoT_Nuance_event_files/15th_test_run/events_4239.root,42682,4,h100;h3;h1;h50
OK,/exp/uboone/data/users/jburridg/Nuance/NUANCE/NUANCE_event_files/output/root/PoT_Nuance_event_files/15th_test_run/events_4071.root,43520,4,h100;h3;h1;h50
OK,/exp/uboone/data/users/jburridg/Nuance/NUANCE/NUANCE_event_files/output/root/PoT_Nuance_event_files/15th_test_run/events_4114.root,43414,4,h100;h3;h1;h50
OK,/exp/uboone/data/users/jburridg/Nuance/NUANCE/NUANCE_event_files/output/root/PoT_Nuance_event_files/15th_test_run/events_4039.root,42485,4,h100;h3;h1;h50
OK,/exp/uboone/data/users/jburridg/Nuance/NUANCE/NUANCE_event_files/output/root/PoT_Nuance_event_files/15th_test_run/events_4355.root,42808,4,h100;h3;h1;h50
OK,/exp/uboone/data/users/jburridg/Nuance/NUANCE/NUANCE_event_files/output/root/PoT_Nuance_event_files/15th_test_run/events_4407.root,40089,4,h100;h3;h1;h50
OK,/exp/uboone/data/users/jburridg/Nuance/NUANCE/NUANCE_event_files/output/root/PoT_Nuance_event_files/15th_test_run/events_4293.root,44389,4,h100;h3;h1;h50
OK,/exp/uboone/data/users/jburridg/Nuance/NUANCE/NUANCE_event_files/output/root/PoT_Nuance_event_files/15th_test_run/events_4265.root,44023,4,h100;h3;h1;h50
OK,/exp/uboone/data/users/jburridg/Nuance/NUANCE/NUANCE_event_files/output/root/PoT_Nuance_event_files/15th_test_run/events_4409.root,41970,4,h100;h3;h1;h50
OK,/exp/uboone/data/users/jburridg/Nuance/NUANCE/NUANCE_event_files/output/root/PoT_Nuance_event_files/15th_test_run/events_4353.root,42761,4,h100;h3;h1;h50
OK,/exp/uboone/data/users/jburridg/Nuance/NUANCE/NUANCE_event_files/output/root/PoT_Nuance_event_files/15th_test_run/events_4261.root,43794,4,h100;h3;h1;h50
OK,/exp/uboone/data/users/jburridg/Nuance/NUANCE/NUANCE_event_files/output/root/PoT_Nuance_event_files/15th_test_run/events_4145.root,42999,4,h100;h3;h1;h50
OK,/exp/uboone/data/users/jburridg/Nuance/NUANCE/NUANCE_event_files/output/root/PoT_Nuance_event_files/15th_test_run/events_4666.root,41966,4,h100;h3;h1;h50
OK,/exp/uboone/data/users/jburridg/Nuance/NUANCE/NUANCE_event_files/output/root/PoT_Nuance_event_files/15th_test_run/events_4429.root,41703,4,h100;h3;h1;h50
OK,/exp/uboone/data/users/jburridg/Nuance/NUANCE/NUANCE_event_files/output/root/PoT_Nuance_event_files/15th_test_run/events_4598.root,42231,4,h100;h3;h1;h50
OK,/exp/uboone/data/users/jburridg/Nuance/NUANCE/NUANCE_event_files/output/root/PoT_Nuance_event_files/15th_test_run/events_4451.root,42304,4,h100;h3;h1;h50
OK,/exp/uboone/data/users/jburridg/Nuance/NUANCE/NUANCE_event_files/output/root/PoT_Nuance_event_files/15th_test_run/events_4222.root,44100,4,h100;h3;h1;h50
OK,/exp/uboone/data/users/jburridg/Nuance/NUANCE/NUANCE_event_files/output/root/PoT_Nuance_event_files/15th_test_run/events_4470.root,44269,4,h100;h3;h1;h50
OK,/exp/uboone/data/users/jburridg/Nuance/NUANCE/NUANCE_event_files/output/root/PoT_Nuance_event_files/15th_test_run/events_4217.root,42138,4,h100;h3;h1;h50
OK,/exp/uboone/data/users/jburridg/Nuance/NUANCE/NUANCE_event_files/output/root/PoT_Nuance_event_files/15th_test_run/events_4385.root,44044,4,h100;h3;h1;h50
OK,/exp/uboone/data/users/jburridg/Nuance/NUANCE/NUANCE_event_files/output/root/PoT_Nuance_event_files/15th_test_run/events_4402.root,43518,4,h100;h3;h1;h50
OK,/exp/uboone/data/users/jburridg/Nuance/NUANCE/NUANCE_event_files/output/root/PoT_Nuance_event_files/15th_test_run/events_4008.root,44676,4,h100;h3;h1;h50
OK,/exp/uboone/data/users/jburridg/Nuance/NUANCE/NUANCE_event_files/output/root/PoT_Nuance_event_files/15th_test_run/events_4194.root,41400,4,h100;h3;h1;h50
OK,/exp/uboone/data/users/jburridg/Nuance/NUANCE/NUANCE_event_files/output/root/PoT_Nuance_event_files/15th_test_run/events_4432.root,42056,4,h100;h3;h1;h50
OK,/exp/uboone/data/users/jburridg/Nuance/NUANCE/NUANCE_event_files/output/root/PoT_Nuance_event_files/15th_test_run/events_4167.root,42280,4,h100;h3;h1;h50
OK,/exp/uboone/data/users/jburridg/Nuance/NUANCE/NUANCE_event_files/output/root/PoT_Nuance_event_files/15th_test_run/events_4461.root,42504,4,h100;h3;h1;h50
OK,/exp/uboone/data/users/jburridg/Nuance/NUANCE/NUANCE_event_files/output/root/PoT_Nuance_event_files/15th_test_run/events_4304.root,40823,4,h100;h3;h1;h50
OK,/exp/uboone/data/users/jburridg/Nuance/NUANCE/NUANCE_event_files/output/root/PoT_Nuance_event_files/15th_test_run/events_4509.root,42135,4,h100;h3;h1;h50
OK,/exp/uboone/data/users/jburridg/Nuance/NUANCE/NUANCE_event_files/output/root/PoT_Nuance_event_files/15th_test_run/events_4243.root,42027,4,h100;h3;h1;h50
OK,/exp/uboone/data/users/jburridg/Nuance/NUANCE/NUANCE_event_files/output/root/PoT_Nuance_event_files/15th_test_run/events_4207.root,44475,4,h100;h3;h1;h50
OK,/exp/uboone/data/users/jburridg/Nuance/NUANCE/NUANCE_event_files/output/root/PoT_Nuance_event_files/15th_test_run/events_4106.root,44073,4,h100;h3;h1;h50
OK,/exp/uboone/data/users/jburridg/Nuance/NUANCE/NUANCE_event_files/output/root/PoT_Nuance_event_files/15th_test_run/events_4291.root,42741,4,h100;h3;h1;h50
OK,/exp/uboone/data/users/jburridg/Nuance/NUANCE/NUANCE_event_files/output/root/PoT_Nuance_event_files/15th_test_run/events_4116.root,42092,4,h100;h3;h1;h50
OK,/exp/uboone/data/users/jburridg/Nuance/NUANCE/NUANCE_event_files/output/root/PoT_Nuance_event_files/15th_test_run/events_4101.root,44939,4,h100;h3;h1;h50
OK,/exp/uboone/data/users/jburridg/Nuance/NUANCE/NUANCE_event_files/output/root/PoT_Nuance_event_files/15th_test_run/events_4159.root,43659,4,h100;h3;h1;h50
OK,/exp/uboone/data/users/jburridg/Nuance/NUANCE/NUANCE_event_files/output/root/PoT_Nuance_event_files/15th_test_run/events_4046.root,42861,4,h100;h3;h1;h50
